{
    "red": [ 1.0, 0.0, 0.0 ],
    "yellow": [ 1.0, 0.0, 0.0 ],
    "blue": [ 1.0, 0.0, 0.0 ],
    "brown": [ 1.0, 1.0, 1.0 ],
    "white": [ 0.0, 0.0, 0.0 ],
    "gray": [ 0.25, 0.25, 0.25 ],
    "orange": [ 0.5, 0.5, 0.0 ],
    "green": [ 0.0, 0.5, 0.5 ],
    "purple": [ 0.5, 0.0, 0.5 ],
    "black": [0.75, 0.75, 0.75],
    "true_gray": [0.258865, 0.251278, 0.625287 ],
    "dark": [0.826558, 0.539864, 0.833591]
}